Sim,Mvir,Mstar
h148,1809832755375.2158,84544346907.78583
h229,1020524520977.4414,45119438425.834625
h242,971794738126.704,43661787076.280525
h329,632539859799.0082,43131843176.33721
